valid_time,1000.0,2000.0,3000.0,5000.0,7000.0,10000.0,12500.0,15000.0,17500.0,20000.0,22500.0,25000.0,30000.0,35000.0,40000.0,45000.0,50000.0,55000.0,60000.0,65000.0,70000.0,75000.0,77500.0,80000.0,82500.0,85000.0,87500.0,90000.0,92500.0,95000.0,97500.0,100000.0
2024-10-04 00:00:00,-1.0576006544562576e-06,-3.8017709659136917e-06,7.805862477158774e-06,-2.354687457924594e-06,8.164952482239949e-06,-5.7240234516941725e-06,-1.4732892284986616e-05,-6.632057786287819e-06,2.0110533703301605e-06,4.742217690718178e-06,3.183554381335297e-06,-1.4672902679254198e-06,-1.574707865934032e-05,-1.9265930937082104e-05,-1.9135361397539033e-05,-8.7813003870421e-06,-2.800385781180717e-07,2.921683265295006e-06,4.1065457408512045e-06,3.846722882124689e-06,4.595144983432336e-06,4.6364420007406025e-06,3.343869063961505e-06,1.9773181073052485e-06,1.1227634374379348e-06,4.5984384442156834e-07,-2.3127870125948427e-07,-3.2050656227875343e-07,-3.150913081993988e-07,2.6723007104005755e-07,2.095529286423875e-07,-3.80818978697854e-07
2024-10-04 03:00:00,9.562110349058971e-07,-1.6359593287973104e-06,8.700234583236692e-06,-3.147880175457625e-06,1.9015804060483935e-06,-1.5711907465257417e-06,-1.7154359392992453e-05,-1.1273160254808611e-05,2.927368010331944e-07,5.4436943623857335e-06,5.1917087288182975e-06,-1.1079196424468725e-06,-1.5546243574543154e-05,-2.179270244831991e-05,-2.1019027172933313e-05,-1.0182306054913368e-05,1.8313565678272256e-07,4.473758790352518e-06,5.037654044814918e-06,6.932084188251472e-06,8.282461850562992e-06,8.785457989079759e-06,7.706112678529361e-06,6.409145548214605e-06,5.142422011869216e-06,3.799359451068181e-06,2.3880787635411014e-06,1.1720196377575676e-06,7.745564312532446e-08,-5.201315564075758e-07,-8.982970229915142e-07,-1.1268539960147822e-06
2024-10-04 06:00:00,7.45251657115663e-06,5.803341767834816e-08,8.675748490677549e-06,-1.5379434750005483e-05,-6.024251547226633e-06,3.72533368060945e-06,-5.7627611438477405e-06,-1.0481943796247894e-05,-2.9056106951867844e-07,6.598845118315731e-06,7.877275782090247e-06,6.913178190384584e-06,3.4277571535543313e-06,1.9070001104167507e-06,-5.369856941426746e-06,-6.6950831516997534e-06,-2.212014713528098e-06,3.6266135095007997e-06,3.787257465548187e-06,4.67647467387479e-06,5.609728001924539e-06,5.458487280879207e-06,4.202493315459633e-06,3.0368961728263105e-06,2.2613288417644207e-06,1.5434319415705525e-06,6.181128749727145e-07,-5.1435020945833944e-08,-6.620991407929412e-07,-1.1144858790261233e-06,-1.7357155752223354e-06,-2.1689065813261544e-06
2024-10-04 09:00:00,-3.817520949608058e-05,-3.4099120192272846e-06,4.8178916351672165e-06,1.6969821613118254e-06,-8.618195231312197e-06,7.852365234936738e-06,-1.0122587334775338e-06,-6.549581589181906e-06,2.191073958136402e-06,5.435532494278126e-06,4.683622714233256e-06,1.9837457621788725e-06,-9.399559471955013e-07,2.623224217631397e-06,-2.71368534262687e-06,-1.7333936107218011e-06,1.2138924910437786e-06,2.0237376355979435e-06,7.076964445687338e-07,-7.617995382308358e-07,-1.9634203887893428e-06,-2.7413953894193442e-06,-3.090452796470903e-06,-2.837538031517789e-06,-2.3762106522694267e-06,-2.0935827500897546e-06,-2.2175800892706366e-06,-2.4027585631995337e-06,-2.502977367111484e-06,-2.606571112886979e-06,-3.023472452137102e-06,-3.3275204861918562e-06
2024-10-04 12:00:00,7.487969062221001e-06,2.7371954593822744e-06,-1.9264293317571595e-06,3.1413696482167714e-05,3.5788634527898236e-06,-2.8512903540218345e-06,-2.7823943390643272e-06,-5.9928591941582705e-06,1.8735994529354486e-06,5.149007657682206e-06,2.0830584173570645e-06,-6.369786497412204e-06,-1.2402365619756964e-05,-9.816452232455265e-06,-1.191067174177098e-05,-1.3050151096689257e-06,2.4886842255163964e-06,-7.413952712582447e-08,-3.5766991784987594e-06,-8.529743455050382e-06,-1.3280333617138221e-05,-1.472252368981297e-05,-1.4205329491785417e-05,-1.2823641328574293e-05,-1.1768727222409565e-05,-1.0349727574960319e-05,-8.459453952033234e-06,-6.7376465225597444e-06,-5.560230675048707e-06,-5.142491612338363e-06,-5.0935323950137434e-06,-5.654255392823241e-06
2024-10-04 15:00:00,5.81366636722622e-06,-2.0283660933921306e-06,-7.804201904365436e-06,8.817947495090593e-06,7.346769378946453e-06,7.262659822950437e-06,2.481723618973474e-06,-3.1566305558758054e-06,1.5000144315228433e-06,3.1576853982402965e-06,-1.6062191994066402e-06,-9.437976677608297e-06,-1.2675381150380261e-05,-1.738615674846183e-05,-1.8936669585778008e-05,-4.146410726731116e-06,1.1388206919638718e-06,-1.1717026972700867e-06,-6.653006546032732e-06,-1.2945207967625624e-05,-1.7022355885747027e-05,-1.7857493882341594e-05,-1.5911224739691264e-05,-1.2852031616259161e-05,-1.0015851337546053e-05,-7.335257381898437e-06,-4.8224534870368505e-06,-3.091314266799301e-06,-2.2199271944040223e-06,-1.987915740696949e-06,-1.362746430060243e-06,-9.834955831306137e-07
2024-10-04 18:00:00,1.2700413273376306e-05,5.0008044186651565e-06,-2.0481639670069252e-05,-6.0037514305752025e-06,-1.6332666732826841e-06,1.4394683217454742e-05,2.449969260765203e-06,3.314966053198545e-06,4.006153274936741e-06,1.4369989065167168e-06,-5.892985705197887e-06,-1.0301478515728557e-05,-1.956055750662402e-05,-2.9897004695557675e-05,-2.4746935152844704e-05,-9.307208100757547e-06,-1.9222608961069606e-06,-2.3801164174681945e-06,-6.008133872717808e-06,-9.186555348983708e-06,-1.0796766545378807e-05,-1.0180713962018017e-05,-8.664871046673124e-06,-6.693821707099726e-06,-4.3467935350535905e-06,-2.192953374671617e-06,-7.010404955035132e-07,1.2228850813116528e-07,7.795749763538586e-07,1.156692031905795e-06,1.7090947055952262e-06,2.2524717413299607e-06
2024-10-04 21:00:00,-9.548852566755735e-06,-3.6730088497299304e-07,1.384897966513877e-06,-1.148140716031203e-05,-1.0172227078337633e-05,-2.6267906317556405e-05,-5.670848845284282e-06,-5.533470799132839e-06,3.7778648447241533e-06,2.810425917925784e-06,-3.5562919656784354e-06,-7.956989923223834e-06,-1.9584027890388852e-05,-3.3175503655183416e-05,-2.5643575924027684e-05,-1.114424285689597e-05,-2.263986570432491e-06,1.3639721244884186e-07,2.857101287978134e-06,3.873315782845321e-06,2.353104004877738e-06,3.1521484563993907e-06,3.254711912828328e-06,3.1025355451627163e-06,2.5945258459874993e-06,2.317434973589084e-06,2.0842610518727603e-06,1.7548203781524218e-06,1.785551275748503e-06,1.8934247128058672e-06,2.0895939035244496e-06,2.2948574512029975e-06
2024-10-05 00:00:00,4.2819110686341595e-07,-2.24507491575742e-05,2.4710413585442253e-05,-3.4156747117125805e-06,2.6001227997771846e-06,-2.640007605075784e-05,-3.0520424976414132e-06,-5.626189296644151e-06,3.632804942919941e-06,9.9061078045432e-06,9.465127059611449e-06,6.795772310119982e-06,-3.232794045918763e-06,-1.918696379094874e-05,-1.354803492513116e-05,4.57538314555563e-06,1.1060195015803835e-05,9.633312022760591e-06,9.69026736357629e-06,1.922917739886474e-05,2.083868241222979e-05,1.636326167684209e-05,1.3844592274472481e-05,1.1331385531286861e-05,8.001265369064637e-06,5.406829072348301e-06,3.8138139896968045e-06,2.5451509087230947e-06,1.1744008623268053e-06,6.44509250197367e-07,3.463112344365356e-07,-2.6542422544559696e-07
2024-10-05 03:00:00,-1.1879562538390965e-05,1.0600653299119007e-05,3.405762568945906e-06,-1.3735791736552683e-05,1.477788115650046e-05,-2.626546643641707e-06,5.799191673513817e-06,-1.055487560805017e-06,2.6509882303716878e-06,1.564851739173279e-05,1.6008449662123153e-05,1.5242744932133964e-05,1.042117697872016e-05,5.896643155539104e-06,9.600006791981331e-06,1.5195525613152294e-05,1.3473863770821085e-05,9.079269926151515e-06,8.233859832169544e-06,1.7220400346848654e-05,1.8146601505394845e-05,1.496745430088616e-05,1.3126874316714103e-05,1.0828438455369173e-05,8.270742612441636e-06,5.95479976765137e-06,4.488679849648649e-06,3.393205943766096e-06,2.375024225679802e-06,1.5704719748876755e-06,1.0040793064486356e-06,-9.947266877464078e-08
2024-10-05 06:00:00,-7.0690355809171074e-06,1.6055081322645606e-06,-2.356855912730309e-06,9.236047627892294e-07,-9.392005888473866e-07,2.767228875229336e-06,9.464535303733634e-06,9.03647182733189e-06,8.19345495704957e-06,1.4125236921911978e-05,1.4332927613242838e-05,1.6520663190151143e-05,2.2185721621535942e-05,2.6253842415708145e-05,3.35219485321698e-05,2.6494713607433576e-05,1.5984065771869316e-05,7.258940589046468e-06,1.258534300574974e-06,3.68556005458622e-06,4.7396417173411755e-06,4.359299340515123e-06,3.923525399635258e-06,2.782399285209538e-06,1.6951607414131116e-06,8.874426174889518e-07,4.1281480248578175e-08,-9.147215598908516e-07,-1.8660068140957604e-06,-2.310697420325586e-06,-2.1891708624282485e-06,-2.5466859753372696e-06
2024-10-05 09:00:00,-2.4472926518405574e-06,-4.8487831595834063e-08,-3.6540837508161955e-06,9.542969672573627e-06,-1.2626065379521679e-05,1.7607450180132917e-05,8.847899923783088e-06,9.417240453878161e-06,5.97674868325575e-07,3.7754808411167817e-06,4.994272716776664e-06,6.702652085038672e-06,1.56119028998638e-05,2.8104664397491055e-05,4.4401369228569164e-05,3.6170105626203755e-05,1.7582741695583615e-05,6.339734802941363e-06,-3.9942324249557417e-07,3.521099117884083e-07,-1.9085560969305515e-06,-3.9837719690601005e-06,-3.964960691743022e-06,-3.7038259516125838e-06,-3.6972162519752315e-06,-3.612491864126752e-06,-3.828300105018436e-06,-4.209978231903933e-06,-4.522651044924872e-06,-4.455684305567888e-06,-3.439202355351316e-06,-2.9698021148327733e-06
2024-10-05 12:00:00,1.7543699796206346e-05,-6.303943561423802e-07,2.190871871367488e-06,1.9650800304173314e-05,-1.3454977638918981e-05,1.5314898929138344e-05,1.5953050447104913e-06,3.392089894147215e-06,-1.3067364381226205e-06,1.6753887714279358e-06,4.7039460872294426e-06,9.110767099981484e-06,1.6447001941250712e-05,2.6031194869231515e-05,3.812098526021283e-05,3.0424731849201967e-05,1.6055883103407026e-05,7.922196155392249e-06,5.2645459789607275e-06,4.818347775108038e-06,3.210169636365528e-07,-4.501339678733689e-06,-5.644039975828536e-06,-6.312990276829573e-06,-6.316105783074097e-06,-6.221081405819165e-06,-6.29205229627999e-06,-6.458329468379384e-06,-6.45975531318956e-06,-5.382928864933133e-06,-3.4675836546287515e-06,-3.3890219903351553e-06
2024-10-05 15:00:00,7.97319581390523e-06,-1.0905543222311453e-05,-4.716254170803281e-06,6.192485559265573e-06,1.4151381185971494e-05,2.2076677048267903e-05,-6.790304532781496e-06,1.3399949574138411e-06,-8.849418299057303e-08,3.2367121062897593e-06,7.63662755709526e-06,1.2984537094037308e-05,2.4332410465710215e-05,3.406782386871555e-05,4.719333904613101e-05,3.392277385142153e-05,1.6273675334694523e-05,4.686031947036244e-06,-1.140968045954274e-06,1.0695763266331885e-06,-2.9098407682489207e-06,-8.01550886625251e-06,-9.019118152502742e-06,-8.846008085702267e-06,-7.39183695297326e-06,-6.274309958105194e-06,-5.487711233683479e-06,-5.1823424329264415e-06,-4.76889941583267e-06,-3.384913856930553e-06,-1.6842375906050218e-06,-1.1308359061011947e-06
2024-10-05 18:00:00,-1.293277306443336e-05,6.842200308421668e-06,-2.5232183407353532e-06,-2.0819899537967316e-05,3.6967636324211707e-06,1.0463628292643887e-05,-3.5751812184281908e-06,1.5031581630751903e-06,8.415201082001312e-06,1.5265317226156033e-05,1.579546589073689e-05,1.532542098659026e-05,2.6725666051010426e-05,3.560825057964214e-05,4.7723289435858266e-05,3.1037392680083614e-05,1.146323317261726e-05,2.2451457957350295e-06,-1.005407544504356e-05,-8.238068715294529e-06,-1.0230534042973892e-05,-1.5474883738267916e-05,-1.591427156998263e-05,-1.4997263789962771e-05,-1.2759752818911782e-05,-1.0194950827355753e-05,-8.08471807803856e-06,-6.244906085509131e-06,-4.038168022900625e-06,-1.3937596316785734e-06,7.77571321098963e-07,2.4267697854455366e-06
2024-10-05 21:00:00,6.636297341787483e-06,-9.651244343801278e-06,3.814856465298431e-06,-4.373099986653456e-05,8.512024629792528e-06,1.7506179268353544e-05,-1.823540977822897e-06,5.183666284872801e-07,8.29221197453764e-06,1.3349950377470147e-05,1.2349462757042522e-05,8.0909153636924e-06,1.1448495770997891e-05,2.0041514777181887e-05,3.500685708280463e-05,1.9001166996448747e-05,4.263151205742027e-06,-9.646899760841844e-07,-7.357179278337742e-06,-4.893659780345583e-06,-4.44031906133643e-06,-7.949880321995694e-06,-8.09157294308417e-06,-7.786985484379254e-06,-6.593164968724911e-06,-5.528026593438357e-06,-4.736229182503999e-06,-4.009044358550582e-06,-3.050062715907943e-06,-1.576396703299117e-06,-1.6450499334657436e-07,1.0029323664447284e-06
2024-10-06 00:00:00,3.2951024952765313e-07,-5.744472717498625e-07,2.6281563861136194e-06,-1.1462238917508127e-05,5.326696417782817e-06,1.2465629519432036e-05,3.396714299072596e-05,1.4179587988836334e-05,1.5811133632460701e-06,-1.2889561333009358e-06,-5.1929706576671e-06,-8.045233672939998e-06,-5.470380871676273e-06,-2.0178780717097217e-06,2.0152370388493584e-05,2.031663571615563e-05,1.3672303057628846e-05,8.912336753203224e-06,1.1508963859171905e-05,1.6314603645918082e-05,1.8839718589120767e-05,1.5840146759387192e-05,1.2533751191157472e-05,9.1337564380316e-06,6.029737356706643e-06,3.459065801060506e-06,1.8186813587486649e-06,5.861577704597707e-07,-5.131095507599117e-07,-1.166907191490765e-06,-1.1682759614738093e-06,-8.787549579463821e-07
2024-10-06 03:00:00,-7.466247325215443e-06,5.978517701581478e-06,2.360883294683211e-06,3.1687145660500897e-05,1.6965571627412943e-05,-2.627292560425395e-06,1.4955127647794214e-05,1.3028168067078529e-05,3.4199774158744814e-07,-3.5928343254327636e-06,-4.802705756544721e-06,-1.0254173753777038e-05,-1.5054781665009758e-05,-3.5536469535550735e-06,1.8781663195587323e-05,3.2268016831571486e-05,2.6659871732835592e-05,1.4043413051649908e-05,1.0008635731758063e-05,1.6394283406800553e-05,1.7020460941473148e-05,1.581837225222331e-05,1.3625218603000536e-05,1.022207272515353e-05,6.609091973714007e-06,3.3448081333636303e-06,7.517663188975622e-07,-1.1666789238248298e-06,-2.456023318409964e-06,-3.4635364961858447e-06,-3.1396140952676734e-06,-2.724291298992439e-06
2024-10-06 06:00:00,-5.834050145351467e-06,-2.187465637212063e-06,-3.0220632496019688e-06,1.2687326534411056e-05,2.2969823861935225e-06,-2.0274804262547587e-06,-8.137899407506536e-07,1.3222211624111841e-05,3.1039697831843364e-06,6.619715089513944e-07,4.685853156134476e-06,4.855736012669201e-06,-1.0543009214894014e-05,-1.1190522363636202e-05,4.455548111628695e-06,1.8649812164265884e-05,1.781287313146254e-05,8.698308931254412e-06,2.7585733290027785e-06,4.3192701834708404e-06,3.895975095486496e-06,3.5136064572780616e-06,3.393517847291377e-06,2.356300783489859e-06,1.0626962590929766e-06,1.1098705356120624e-08,-8.965662354712036e-07,-1.8004114727485805e-06,-2.584665621345828e-06,-2.872921851258443e-06,-2.339710450578833e-06,-1.7267754284960343e-06
2024-10-06 09:00:00,-2.2424903440725775e-05,-5.723572764772281e-07,4.320157237262206e-06,1.1265366998240217e-05,-1.6357577158291414e-06,3.85306509085714e-05,-5.019542196813045e-07,5.104101327452644e-06,5.848912004167614e-06,3.178994543702144e-06,1.4526142190903589e-05,2.35595319394843e-05,1.7620075589916515e-05,1.882195242403627e-05,2.5897484062868453e-05,2.7193593486818503e-05,1.6907912163344057e-05,5.3636287887196625e-06,-2.243561513622934e-06,-2.925096650576923e-06,-1.9814521657551803e-06,-1.7842243181330641e-06,-1.7459279745044027e-06,-2.2569884379090925e-06,-3.239029483149479e-06,-3.914354295492675e-06,-4.40384584306591e-06,-4.980100548849551e-06,-5.367716551633151e-06,-5.0206719356817815e-06,-3.957685782631114e-06,-3.095644046915263e-06
2024-10-06 12:00:00,1.8780913067476604e-05,-1.101722932769997e-06,5.445030883180318e-06,3.659901159788784e-06,-3.2316384054925293e-06,5.678532307175518e-05,3.649748313472862e-05,2.7366053377404044e-05,1.3346805173480024e-05,1.2024257312902466e-06,-1.2825344837578347e-06,-2.0138047369834645e-06,-1.8702746357083973e-06,7.248799720778184e-06,7.37825363144194e-06,2.081649484041707e-06,-9.049611637398866e-07,1.67985110714984e-06,-4.916050373796672e-07,-4.781135780718135e-06,-8.66544313736296e-06,-7.948155526963794e-06,-8.467606112566272e-06,-9.34103740522715e-06,-9.924093963591118e-06,-1.0232282149571454e-05,-9.926929997610793e-06,-9.972036069275114e-06,-9.490845409656618e-06,-8.186966921927174e-06,-6.64154390928817e-06,-5.692662096604867e-06
2024-10-06 15:00:00,1.0801426035231008e-05,-9.947436465212678e-07,2.1818742607926158e-06,-9.024252077037221e-06,-6.61842910813587e-06,1.5066042052687475e-05,2.223398903766402e-05,1.5235553130094435e-05,7.795211608468565e-06,3.1654035667695106e-06,2.864541255197285e-06,7.382372055384504e-07,-2.288827727802408e-06,5.63290805032627e-06,2.8587798870174417e-06,-8.508950992985919e-06,-6.451715560555507e-06,-2.0650374772149365e-07,-1.8676501831424866e-06,-1.8952153929721122e-06,-7.125545728525122e-06,-7.006630198648704e-06,-7.762519837397706e-06,-7.672557741064229e-06,-7.285881010410014e-06,-6.832024831955612e-06,-6.079480130768911e-06,-5.62377419576113e-06,-5.052988724164172e-06,-3.0198315317498135e-06,-1.4481427149626478e-06,-2.4633157845027717e-07
2024-10-06 18:00:00,-8.895891552261222e-07,-2.9312672568914425e-06,3.286163544478047e-06,6.629470846014024e-06,-2.4891381888407997e-06,-3.221093049463587e-05,-8.928042263450074e-06,7.92204593454258e-06,1.2366837928448696e-05,9.04612576717728e-06,9.212819417508103e-06,7.876107549481872e-06,-1.5644468758404232e-06,3.5716817110599495e-06,-1.7753515832415594e-06,-1.5354479267589894e-05,-7.677304121935437e-06,1.0208730632115635e-06,2.388616478470761e-07,5.69375364791492e-06,-8.190702615361025e-07,-2.797593004430734e-07,-1.1952160434302738e-06,-8.358892448091234e-07,3.915161537135637e-07,1.2562839652801755e-06,1.4539042239683244e-06,1.3898876698379566e-06,1.3553298902139486e-06,1.974701411200301e-06,3.1363210944764535e-06,4.04587304987465e-06
2024-10-06 21:00:00,-7.376256986659402e-07,3.584624237614334e-06,-3.535532322080963e-06,7.118966927573345e-06,6.967894950755854e-06,-4.428930893552729e-05,-2.7227147734996398e-05,-6.057873482734869e-07,1.5011285665075253e-05,1.953859381495009e-05,1.8845957972046297e-05,1.413625506351678e-05,6.598305016083389e-06,2.2639938590333457e-05,2.2943733732677616e-05,2.5496087790386097e-05,2.0254079589932626e-05,1.5881268645426396e-05,1.2823602488052231e-05,1.82403519550264e-05,1.3929637404543773e-05,1.2869738055137536e-05,1.0552936068205697e-05,8.342429795535596e-06,6.751195439741652e-06,5.291789306733479e-06,4.2130100643716495e-06,2.8406702524309423e-06,1.825219095489547e-06,1.5514796544631224e-06,2.1096595912910773e-06,3.038528310968359e-06
2024-10-07 00:00:00,-1.4214792548105587e-05,-3.898516523980172e-06,-7.796489779638553e-07,2.4489400336262485e-06,1.988448485314723e-05,-4.3429608542114913e-05,-4.977924337434425e-05,-1.2785052452817418e-05,-3.149721900922602e-06,1.3179259096200766e-05,2.2712252227257417e-05,2.09135658426069e-05,1.8983315417382992e-05,2.5681340828697405e-05,2.4257532988734024e-05,1.572230881144721e-05,1.4118297136240222e-05,1.5526237093693426e-05,1.5549344559959347e-05,2.3899763596866618e-05,2.655057417754417e-05,2.7720861446120175e-05,2.5390921634063296e-05,2.070932870239316e-05,1.5394411817407475e-05,1.0728819279730168e-05,6.778127646944946e-06,3.3012928827228218e-06,4.913372925677103e-07,-1.441638449652998e-06,-2.565059424997323e-06,-3.0627407004756524e-06
2024-10-07 03:00:00,-1.586856203020055e-05,4.975684328442214e-06,2.339316420356184e-06,-5.494419550822929e-07,4.498870273649501e-07,6.733464802235074e-06,-5.736055311520159e-05,-2.0637798215317143e-05,-2.2094242221637892e-07,2.063479001290578e-05,3.373179760506557e-05,3.346721334408947e-05,2.8228300505742135e-05,3.055639708988868e-05,3.489722355794878e-05,3.4133728853706596e-05,2.8925536948612287e-05,2.3924481037622346e-05,1.9526187122209582e-05,2.1585288825829458e-05,2.5133102279083503e-05,2.708491626955758e-05,2.5112263902031348e-05,1.971911198546499e-05,1.3818298721723336e-05,8.986923109957357e-06,5.080114850426486e-06,1.8843722753219155e-06,-3.8428412979758697e-07,-2.2495476736845333e-06,-2.9672137496247266e-06,-3.1230910194013152e-06
2024-10-07 06:00:00,-3.727433495426325e-05,-7.218774835748803e-06,-3.0526633534715326e-06,-4.046581168084883e-06,5.515500175883346e-06,4.475059987793984e-05,-2.0753154789566746e-05,-1.3714376612672048e-05,5.029469562320946e-06,1.9116798328322016e-05,3.168971460016291e-05,3.478153110193511e-05,3.343960395886506e-05,3.972168837229601e-05,4.1695989612204086e-05,4.2714844596254925e-05,3.7784617858177337e-05,2.8604700186961392e-05,2.1824773289419995e-05,2.103780927527538e-05,2.2723799942730555e-05,2.670292043093556e-05,2.6636643192374284e-05,2.251268449561598e-05,1.7179404349889013e-05,1.1376696374811794e-05,6.797692026115992e-06,3.186372112902066e-06,5.919369877054693e-07,-6.097553047070138e-07,-5.86395418263102e-07,-5.01434692552048e-07
2024-10-07 09:00:00,1.5420091816723175e-05,-5.076923062761675e-06,2.751226662831501e-06,5.322982313499641e-07,-4.7393761302785175e-06,4.8803575274646286e-05,1.0181006881532055e-05,-1.531542276048992e-05,5.502717019480239e-06,1.843440051044561e-05,3.131913692367862e-05,3.861289380642712e-05,3.1380911223984974e-05,3.081126485511673e-05,3.4668507194025325e-05,3.219877518750092e-05,2.7469846703903158e-05,2.223306963853777e-05,1.7976031437853336e-05,2.028877989638882e-05,1.276068658632401e-05,1.230078923411255e-05,1.303259413191275e-05,1.1574801452035754e-05,8.32890375570478e-06,4.715990454755409e-06,1.7828102242683893e-06,-6.449041233280573e-07,-2.006864320884441e-06,-2.428391780621919e-06,-2.7106087815025933e-06,-2.9751040384522408e-06
2024-10-07 12:00:00,3.172163871495062e-05,-1.5679779484707574e-07,-2.839529685508935e-06,2.2019378641320894e-05,5.400922333836171e-06,1.7173344786099922e-05,1.0183638617873099e-06,-1.2986827337032066e-05,-3.178383742567767e-06,1.1341699022222227e-05,2.1143166791455563e-05,2.4115358863961e-05,2.3442704177814224e-05,2.9188918221147746e-05,1.837785170592669e-05,1.7297798133965003e-05,2.0058844006113788e-05,1.7606551465604946e-05,1.7537041502029835e-05,1.7873738117246682e-05,1.0048238855058573e-05,9.117257179576381e-06,9.121390344143621e-06,7.997268630166127e-06,5.778556840587736e-06,3.0199113682701123e-06,1.1069761759650463e-06,-2.689607135577756e-07,-1.3451746351968454e-06,-1.933579471584883e-06,-2.2457344951540294e-06,-4.044519128178884e-06
2024-10-07 15:00:00,1.0192033566566293e-06,1.0897228552572705e-05,-5.287329721192741e-06,3.6043956004458486e-07,4.429751922396877e-06,-7.011320762152588e-07,4.3662803627588404e-06,-1.694643874266715e-05,-6.577092960425961e-06,1.114577933933873e-05,2.2386321328419634e-05,2.6602957037263854e-05,3.7958048926450685e-05,4.79011714462065e-05,4.783483542943954e-05,3.636150041848039e-05,2.6397239352820453e-05,2.6511394140992387e-05,2.304247002983587e-05,2.741387174360855e-05,1.6647123545924733e-05,1.3856483437510602e-05,1.6287984760545452e-05,1.6070788272005213e-05,1.4186939272912963e-05,1.1877502601284215e-05,1.0194416967071786e-05,8.467530647053681e-06,6.9652222500378216e-06,4.851802932942203e-06,4.824348497100511e-06,2.6150112128985973e-06
2024-10-07 18:00:00,-7.177342192196061e-06,-9.999615176593679e-06,2.388929704479914e-06,-1.5222485550565406e-05,1.97703423855634e-06,-1.2717951051018099e-05,-1.4748787405627273e-05,-4.748339578743651e-06,1.6466220505565563e-05,3.278439477941463e-05,3.513198424705277e-05,2.552810071571e-05,2.7007189772294475e-05,4.238785532900703e-05,4.148006091957496e-05,2.4709719849970627e-05,8.248886545753846e-06,1.3319054313822197e-05,1.277486624676131e-05,1.8662374431289117e-05,1.3614723474643821e-05,1.3502783583428941e-05,1.64592480902571e-05,1.8233477216063097e-05,1.8570140706383993e-05,1.674431214742268e-05,1.4295207446526599e-05,1.0830135544442811e-05,7.015065581881027e-06,4.479717207190056e-06,3.254931653192691e-06,2.926035410482277e-06
2024-10-07 21:00:00,-2.078780251478664e-06,1.0895577298894007e-05,7.370858797224854e-06,-4.8709081536581205e-06,-4.591189630129422e-06,-5.007995171691531e-06,-4.44631890951469e-05,-2.7825222559689616e-05,-5.073147106780365e-06,1.5367266586787154e-05,2.6757279090638503e-05,3.258505516118424e-05,3.71646654262492e-05,4.233656579020539e-05,4.280931938053631e-05,3.596634456519547e-05,2.7491658798653635e-05,2.9308724178170936e-05,2.5760329523680275e-05,3.6331923447153965e-05,3.5401596974162366e-05,3.330502888536165e-05,3.18109255687121e-05,2.8130902559882802e-05,2.415847520524997e-05,1.9733446541305098e-05,1.4968579457346875e-05,1.0367713204707551e-05,5.9519266799434435e-06,1.7913258638075947e-06,7.968500480987655e-07,1.042173732153428e-06
2024-10-08 00:00:00,-1.3076787687710088e-05,-4.278138643301159e-06,-1.3030887407351147e-05,6.874040585551942e-06,5.149421437511376e-06,-1.945614631071093e-05,-4.3147656037955357e-05,-3.1277514525112903e-06,2.1917863655124273e-06,1.2173208114836655e-05,2.5168675361144972e-05,2.896087962774263e-05,2.7408513604594495e-05,3.795836789524533e-05,3.66291867741685e-05,2.9137242871501718e-05,2.376920413880342e-05,2.2730496350048215e-05,2.6298216877833754e-05,3.28332006234176e-05,3.167589604794746e-05,3.2156953712662157e-05,3.2384623608688573e-05,3.076699035546401e-05,2.6472685003485568e-05,2.0966300475555087e-05,1.555854058723832e-05,1.121608563284669e-05,7.125573375185865e-06,2.8815662624356357e-06,7.853001719648236e-07,-1.8058666063406426e-07
2024-10-08 03:00:00,-2.3037237803434936e-05,-5.474625883249847e-06,8.439402079651771e-06,-2.1130950117725855e-06,8.300651866756588e-06,1.880634836654006e-05,-2.0326852325617587e-05,3.5387381399369316e-06,1.083626103321251e-05,1.498876422296464e-05,2.4695492075955646e-05,2.6015504141284648e-05,1.9849399628843044e-05,4.967005256933341e-05,5.78928519649384e-05,4.98999891022312e-05,3.7336846280841055e-05,2.8390311793497776e-05,2.711519915139215e-05,2.9636536842960554e-05,2.633154125736867e-05,2.6058236603677287e-05,2.612682059354877e-05,2.2549049889441903e-05,1.7174397043353973e-05,1.1578370545498283e-05,7.383653197617344e-06,4.77284955814972e-06,3.2901113132614345e-06,1.2991218983439684e-06,3.00160645159384e-07,-6.426359599190546e-07
2024-10-08 06:00:00,-2.086872737158173e-05,9.972571053585021e-06,-1.6331691061814916e-07,2.2158843409187946e-06,6.9625882471377905e-06,3.765947007549926e-05,-5.555437824915808e-06,-9.99254529504204e-06,3.074034643055976e-06,1.4306620807428196e-05,2.202546083878658e-05,2.1028014565410106e-05,1.4281485324681963e-05,2.7761381969662718e-05,3.340239287186371e-05,3.906192120475553e-05,3.15223412341761e-05,2.018283776771698e-05,1.4386729517262665e-05,1.98812135831809e-05,1.829309053575936e-05,1.878029221084285e-05,1.9405538947102737e-05,1.7920280892678557e-05,1.3484794574697344e-05,8.402188300659038e-06,4.847213711528025e-06,2.767705913494427e-06,1.182547326736707e-06,-2.975036947915325e-07,-2.6237987285570303e-07,-6.1905980608386e-07
2024-10-08 09:00:00,2.5980094485528558e-05,-5.623045151919846e-06,-1.5157991388032045e-06,4.181812823261145e-06,-4.4291509758522604e-06,3.485870623999143e-05,1.900123084666837e-05,-2.006853335742403e-05,-5.736252956839393e-06,1.6646615857132763e-05,3.264001535086694e-05,3.723404903979973e-05,2.4257704712570168e-05,3.5426563690266e-05,3.545377803159128e-05,4.487358867371393e-05,2.3428006676657206e-05,1.3461627939948344e-05,9.111514988065462e-06,1.431470076543455e-05,8.579311841994517e-06,5.171592927944022e-06,6.233172435965444e-06,6.64307630154572e-06,5.677624296890614e-06,4.0383670983680325e-06,2.797683307860299e-06,1.8932758519104534e-06,7.512556803162758e-07,-3.237094944835659e-07,4.3084576884267107e-07,-2.9616622290242376e-07
2024-10-08 12:00:00,-1.8578873184832632e-06,-3.8026225952391324e-06,-2.3995037612337316e-06,4.776522037517477e-06,-3.5746176306967746e-06,-2.069974056901138e-05,-1.0305032887715675e-05,-1.1775807750050605e-05,-4.322484855699687e-06,1.8047097669275186e-05,2.85144530006055e-05,2.9572868899590456e-05,3.4129871482193476e-05,4.212652227913404e-05,4.131888109822471e-05,5.1688427499142806e-05,2.307179649171694e-05,1.1470122863745589e-05,1.3933230075550393e-05,1.3353691389687246e-05,6.290850141631745e-06,5.325910887758052e-06,8.58411482424986e-06,1.1064963068680147e-05,1.1761277958790617e-05,1.133419366910281e-05,1.0466217805599128e-05,9.405436522367946e-06,7.3641207694497124e-06,4.547013959207586e-06,4.306429945802551e-06,1.2067446475739935e-06
2024-10-08 15:00:00,2.430954813243611e-06,6.075706836858099e-06,4.099103755838325e-06,1.4110391595756042e-06,-5.35801631539695e-07,-2.2193181169756215e-05,-2.1746161944044608e-06,-3.888238153955356e-06,-5.2224665041016465e-06,1.7688015728816223e-05,3.141242401966326e-05,2.971381848663347e-05,3.657234572085778e-05,4.745727231760151e-05,5.0957322399477226e-05,5.766529767002001e-05,3.2895673487644366e-05,1.072658481979401e-05,1.203533717892073e-05,1.4967032015039766e-05,8.927571172093134e-06,4.275605806871436e-06,5.6161972161930945e-06,7.785168263408833e-06,9.367486220252437e-06,1.033549678179961e-05,1.1402042480223063e-05,1.0726829191206058e-05,9.188729690814608e-06,7.329621502219908e-06,7.438158672086487e-06,3.898968254964985e-06
2024-10-08 18:00:00,-3.3313823159174486e-07,1.1210298751044974e-05,-2.2066609987433563e-06,-5.177383759325122e-06,-5.9819828939367085e-06,-5.591057060051181e-07,-2.808222675482367e-06,6.548847368022612e-07,-6.356349389991754e-07,2.0220254524796672e-05,3.286881701894922e-05,2.999035399353964e-05,4.226798599302625e-05,6.158532930491598e-05,6.918233224485858e-05,6.600036871440136e-05,3.0920447142122836e-05,6.75797706787723e-06,7.021072546144809e-06,9.016802431319001e-06,6.5073916159196486e-06,1.504569699288155e-06,3.2989196814557126e-06,7.109683191968772e-06,1.0372745015389953e-05,1.2598773454706861e-05,1.4231793450371456e-05,1.3812797731306247e-05,1.1267397094768699e-05,8.846680335664608e-06,8.02440394323981e-06,5.911242858385579e-06
2024-10-08 21:00:00,-1.9302888144564002e-06,-1.7151681268034308e-05,-2.296624966816744e-06,-1.294483236361142e-05,-2.2208648124644582e-05,-9.380319666724579e-06,-8.675450684671739e-06,-8.121274418996105e-06,-1.930498691039266e-06,2.1401066504546133e-05,3.852231267686271e-05,3.1543489149886726e-05,3.620778080359149e-05,5.301298099261388e-05,4.818827001044956e-05,3.205550557597872e-05,1.2712189032116332e-05,1.9205075719003097e-06,4.4316971827568e-06,8.412594567466863e-06,8.28694746232372e-06,3.6962468002781637e-06,5.0844367339471295e-06,7.5599752936110365e-06,9.87140703509301e-06,1.1529868487957638e-05,1.1564707484776534e-05,9.568481901536778e-06,7.473693256528252e-06,5.683181569504738e-06,4.482293113802178e-06,3.081256259643079e-06
2024-10-09 00:00:00,2.284990743360394e-06,7.565361963315883e-06,2.130785546535072e-06,5.169700130047234e-06,1.0251108384798277e-05,-4.658366137806374e-05,-2.885631702145896e-05,-5.0930209933185e-06,-7.013214018789266e-07,9.95715490895555e-06,2.433382784293332e-05,2.4421658560475388e-05,3.340294326988113e-05,5.212579024259665e-05,6.276674381168246e-05,4.545857584317063e-05,2.9906964042463247e-05,1.895439895223427e-05,1.7043851170844276e-05,1.5830031614537935e-05,1.2001488309005509e-05,6.7922966710843345e-06,6.531889133436601e-06,7.028422620034557e-06,7.61899629560276e-06,8.017365173674144e-06,7.876665632025719e-06,6.338309248798667e-06,5.532629458832278e-06,4.131873984046652e-06,2.500865774420245e-06,8.978778062727245e-07
2024-10-09 03:00:00,-1.3199662253726987e-05,-6.559076039474213e-06,2.768546179346965e-06,-6.062973927550218e-08,1.9080903374827038e-05,-3.945639476943197e-06,-3.616142434426989e-05,-1.7600381327554556e-05,-2.148959626698969e-06,1.3770010604578508e-05,2.8217337234527326e-05,2.7942093529771538e-05,3.663430470686956e-05,6.378044409715512e-05,7.017037432671939e-05,5.3166509537876484e-05,3.437991738644262e-05,1.9524235620117944e-05,1.7733148585878327e-05,1.4194801161703268e-05,8.567236273053876e-06,8.347235428840988e-06,5.516553698471679e-06,2.435215786510215e-06,3.2263971331142065e-06,4.3411611289636555e-06,4.708194082748016e-06,3.835632095536343e-06,3.2766032008479866e-06,2.3782187762577113e-06,1.7370913469868696e-06,8.812517445921762e-07
2024-10-09 06:00:00,-2.5442118391804994e-05,-8.235573920622932e-07,2.1250408341153965e-06,-6.125251189556403e-06,1.0831503108139993e-05,3.441820170288188e-05,-2.5630495516137698e-05,-2.498944322967088e-05,-3.839612407403012e-06,2.0784196734328335e-05,4.1358667017441124e-05,3.6368880221038705e-05,2.3102417673648617e-05,3.640378408921196e-05,3.122324863082519e-05,2.188614552878604e-05,1.407077967885412e-05,3.6419139569001746e-06,1.7379075750477468e-06,-1.590575813804477e-07,1.2808405070597982e-06,3.967964116910566e-06,9.768348658079198e-07,-5.173361011193742e-07,4.911376711433023e-07,1.6838027570492078e-06,2.078210313819396e-06,2.085052905715008e-06,2.230380544136076e-06,1.8554566253565803e-06,1.006161891586302e-06,-1.1203285010348427e-06
2024-10-09 09:00:00,-4.673481030522454e-06,1.254026670443624e-07,-8.986040120193685e-08,-9.161951843618836e-06,-3.135448302664735e-07,3.774190808754821e-05,3.4053195079372e-06,-2.34502547297585e-05,-6.636866090227583e-06,1.8932344130753696e-05,3.995060715900636e-05,4.020969911739997e-05,2.4945374855321187e-05,2.670925881924221e-05,1.7494541307356075e-05,5.386129639186905e-06,4.691100542603172e-06,2.2439710433561926e-07,-1.6119871871491856e-06,1.1101117742893567e-06,2.587750950922323e-06,5.669423099449636e-06,3.577773335050453e-06,1.660216595101587e-06,1.5840327918612837e-06,2.450724932725733e-06,2.2477484857253153e-06,2.207577773557537e-06,3.318785117920936e-06,2.6314046044082564e-06,1.344042978072112e-06,-1.3143413942700026e-06
2024-10-09 12:00:00,3.470331636811292e-05,4.4537618063018895e-06,1.8630396971767985e-06,-8.208749176097583e-06,4.885638295546492e-07,-1.6208820002618146e-05,-8.457112168999107e-07,-5.498440956238197e-07,1.5543961705734762e-05,2.9518458676459794e-05,2.3299016137643473e-05,6.752997773307346e-06,-6.144561081107254e-06,-4.813905773016136e-06,1.6547779242047325e-06,1.5726029393074798e-05,2.838414977963528e-05,1.3961517773753831e-05,1.5007461368357823e-05,1.9095329301866814e-05,1.2699571910487851e-05,1.1333272785529074e-05,9.788192868385185e-06,6.757751758067701e-06,5.070126126036476e-06,4.292735203031889e-06,1.4712667108523755e-07,1.0938094201413102e-06,4.191796968376272e-06,2.9646041777247406e-06,5.496503546010141e-07,-3.3532899538112827e-06
2024-10-09 15:00:00,1.4902258638254321e-05,-1.0749387372214607e-05,1.8892107809257566e-06,5.2251709483334655e-06,-9.229305865068017e-06,-2.075683458649096e-05,-2.7310864197143338e-06,1.6760491943784058e-05,4.032611391196405e-05,5.049070770803843e-05,4.0166060918290616e-05,1.479529487559918e-05,-1.4843025350695877e-05,-3.538477613277305e-05,-3.893096542275009e-05,-8.245092598413283e-06,2.3974745386002905e-05,1.8082955112462468e-05,1.824935147488002e-05,2.1749409639830545e-05,1.2447799239944581e-05,1.0490456775151753e-05,1.1306010431524358e-05,1.0311322224750041e-05,8.9986562901228e-06,6.643309089719876e-06,2.9713595982871427e-06,1.4912762866377275e-06,4.083127590375523e-06,4.560278326421235e-06,3.2539219684007986e-06,1.1203455495518338e-08
2024-10-09 18:00:00,-1.7735580610741196e-05,-7.827849698749798e-06,2.6736870930758145e-07,-4.727889427920317e-07,-7.94258050354694e-06,-1.8346151768238043e-05,-6.864648002829801e-06,1.7822624435691397e-05,3.639415741044582e-05,4.224013922880419e-05,3.616404451921e-05,1.790742502755829e-05,-8.128514482119197e-06,-4.9731733653497303e-05,-7.002706951649025e-05,-3.674967619759448e-05,7.961694222970446e-06,6.8205989820729764e-06,2.5449580946045647e-05,1.6923366542651114e-05,1.4342219240303452e-05,1.5746895915510136e-05,1.4535615396654304e-05,1.2785292738535714e-05,1.1063276894415192e-05,9.973764585265214e-06,7.187554743988421e-06,4.919531634307707e-06,6.252045471306686e-06,5.323229397345397e-06,4.9966199669368925e-06,3.6893280995931263e-06
2024-10-09 21:00:00,8.317583578753149e-06,1.290736756415986e-05,-1.8390411804904613e-06,1.3276459858397568e-06,-8.411151684887702e-07,-4.569020711907124e-05,-3.0969167179068685e-05,8.051599332589933e-06,2.686743480768282e-05,3.208241110069281e-05,2.7261136039994044e-05,1.0902127709969417e-05,-1.5633445368155293e-05,-4.4512062520694456e-05,-5.4919259709209535e-05,-2.7717609982469025e-05,9.928265928181315e-06,6.5879490539734255e-06,3.0044728002283144e-05,3.318215454504487e-05,3.0980815852079455e-05,2.5399672524719825e-05,2.0123793667036233e-05,1.6446970324489437e-05,1.3077646456134151e-05,1.1520764928712234e-05,1.021284434715776e-05,6.300060122955695e-06,1.7900144888934845e-06,2.3111045008698422e-07,1.2231418351295956e-06,1.3574036032281013e-06
2024-10-10 00:00:00,-1.3351318938160709e-05,3.7948825241114005e-06,-2.9885054677324276e-06,1.077973766878038e-05,-7.043712569830063e-07,-1.915551735350648e-05,-2.049413200159939e-05,5.606473628861413e-06,1.6784692041871305e-05,2.0348537409418696e-05,2.5200675956657417e-05,1.3795030418109982e-05,-2.976414462181726e-05,-7.83912452584496e-05,-9.536975899554309e-05,-5.9876841797767486e-05,-1.4387536526484336e-05,-2.721018295465746e-05,-1.7978117039300546e-05,-1.2045388261279295e-05,1.0372578398660498e-05,1.4604770425435314e-05,1.2014325915494519e-05,1.0692158051158699e-05,8.362537487033937e-06,5.989058427482366e-06,4.452281767675326e-06,2.955361571308694e-06,1.7432780270658993e-07,-6.790104840040151e-07,-1.5268273953443295e-07,-1.0550836485922271e-07
2024-10-10 03:00:00,-2.9982869558342076e-06,-3.629655961078778e-07,-4.6850581309226075e-06,1.0115187388721307e-06,8.816838260809866e-06,-5.688259657573644e-05,-2.8895589675100853e-05,2.6339295893924994e-06,1.2582266783502764e-05,8.178538348887028e-06,2.2971598208693804e-06,-8.916974050744905e-06,-3.6725762843132004e-05,-6.728222879394018e-05,-8.127132146258481e-05,-5.8910565585214354e-05,-2.8201638165539788e-05,-3.7354854225306574e-05,-4.1490897811250045e-05,-3.379013730022292e-05,-1.1359799160284055e-05,3.5587746075549044e-06,3.096015383683987e-06,-5.657541598341501e-07,-2.5177688088120393e-06,-2.2964858605233456e-06,-3.9197721315119585e-07,-8.851365034168626e-07,-1.0749898921777711e-07,6.425161316288543e-07,-4.218146717902427e-09,-1.632629916395221e-06
2024-10-10 06:00:00,3.350136095610791e-06,7.199270520772107e-07,5.589669332289502e-06,-4.646410796276298e-06,-4.90101170871115e-06,-1.8295680713281837e-05,-1.98612989039442e-05,-5.241821582698387e-06,1.3308297686262287e-05,1.4359967210844747e-05,1.1447141714837004e-05,7.2686713422064905e-06,-1.2313196637731472e-05,-3.625287082937772e-05,-5.941605069869045e-05,-5.8521326049695765e-05,-4.5910969221863025e-05,-6.188767248947915e-05,-5.547779812976705e-05,-4.9832581140910845e-05,-3.1929179128934896e-05,-1.3613193840584629e-05,-7.85332615420117e-06,-5.488192068616632e-06,-5.792844571861794e-06,-4.9901891439457015e-06,-3.0286417559987154e-06,-1.930553173821885e-06,4.901199115110776e-07,5.7915411270767205e-08,-5.43223102712872e-07,-1.3542177352668678e-06
2024-10-10 09:00:00,1.1106925690776021e-05,-4.075056866995059e-06,-2.736888500791431e-06,-3.655174967319964e-07,2.984849554535886e-06,1.1454390691206066e-05,-1.7637904449059433e-05,-2.2197705049635236e-05,-6.245347475032725e-06,5.192727268777358e-07,1.951505220463656e-06,1.8079409010760207e-07,-1.0837445432178184e-05,-1.9391714626845097e-05,-3.496270340331105e-05,-3.4641488134425766e-05,-3.8028835939891936e-05,-4.858335047898845e-05,-3.917870965267545e-05,-3.417535321440796e-05,-2.610421892154111e-05,-1.5523238180760542e-05,-7.18034548350368e-06,-1.633645348113047e-06,-1.0658862721611046e-06,-1.925865631708099e-06,-1.1603072037138028e-06,5.928830789407052e-07,1.216907510682246e-06,-1.3351245474276914e-06,-2.153030891346731e-06,-3.3637520308761613e-06
2024-10-10 12:00:00,-7.927441601365377e-07,-1.263425166811251e-06,-3.3962769230814615e-06,-9.504797574698357e-06,-6.139978525658873e-07,2.622713799583259e-06,-1.3661375358663527e-05,-2.722676139515579e-05,-1.69569876993856e-05,-5.708164796811709e-06,-2.2424147045294138e-07,-1.6913885726660742e-06,-1.2310433842041074e-05,-1.170513003050312e-05,-4.628016877288691e-06,2.53826690563156e-06,-8.4240516860014e-06,-3.4975558820770246e-05,-3.5303475576219394e-05,-3.706803229997561e-05,-3.1183155297889365e-05,-1.5663907881329345e-05,-6.823198185858489e-06,-1.6134902309612854e-06,-1.4987985073685243e-06,-2.948467210101975e-06,-2.9815905735968312e-06,-5.871681911800019e-07,5.028130200618421e-07,-2.140655663885665e-06,-2.043573293102141e-06,-1.7845734285362854e-06
2024-10-10 15:00:00,-8.544079689125187e-06,2.7659989942946606e-06,-1.1227731477789075e-05,6.837349775893706e-07,7.465935605652371e-07,2.5865284045187355e-05,-2.66701072665668e-06,-1.76354261716357e-05,-7.8719594807019e-06,6.024693983366069e-06,8.912869197826096e-06,4.794500854585811e-06,-5.953997394262832e-06,-2.9026998573625208e-06,1.3084842800482375e-05,1.8818092880673454e-05,4.581420013105747e-06,-8.862426141227148e-06,-1.22280594377408e-05,-1.485698781032469e-05,-1.2011061395728629e-05,-6.727589080677759e-06,-4.412308579669379e-06,-2.6612432381495894e-06,-1.770998621496425e-06,-2.5001166653316267e-06,-3.474615934969998e-06,-1.2695685812710897e-06,4.597194658277663e-07,-5.3046832296870196e-08,4.903238454479448e-07,8.640738770171806e-07
2024-10-10 18:00:00,-1.4549844747964542e-05,-4.807097785519454e-06,9.454566586728233e-06,2.3558607573307893e-06,-9.257529032734357e-06,2.635942512705565e-05,-4.445664014566492e-07,-2.287078652010367e-05,-1.757068888726054e-05,1.5082983566143566e-06,5.719164846437034e-06,1.2341433842856312e-06,1.4968814610804984e-06,7.942604215529255e-06,2.2646815918910322e-05,2.437955545762933e-05,6.164817833506249e-06,-3.214431184531614e-07,5.483669002420943e-06,8.148551731326523e-06,5.917460803911949e-06,3.358148410624326e-06,2.462511980866971e-06,1.925421499643458e-06,1.4795785493439356e-06,1.969021792526833e-06,2.7107896799117877e-06,5.575512958655847e-06,6.957274865476208e-06,5.9874840245417355e-06,5.286693871538398e-06,4.655460845836183e-06
