pressure_level,2024-02-14T21,2024-02-15T00,2024-02-15T03,2024-02-15T06,2024-02-15T09,2024-02-15T12,2024-02-15T15,2024-02-15T18,2024-02-15T21,2024-02-16T00,2024-02-16T03,2024-02-16T06,2024-02-16T09,2024-02-16T12,2024-02-16T15,2024-02-16T18,2024-02-16T21,2024-02-17T00,2024-02-17T03,2024-02-17T06,2024-02-17T09,2024-02-17T12,2024-02-17T15,2024-02-17T18,2024-02-17T21,2024-02-18T00,2024-02-18T03,2024-02-18T06,2024-02-18T09,2024-02-18T12,2024-02-18T15,2024-02-18T18,2024-02-18T21,2024-02-19T00,2024-02-19T03,2024-02-19T06,2024-02-19T09,2024-02-19T12,2024-02-19T15,2024-02-19T18,2024-02-19T21,2024-02-20T00,2024-02-20T03,2024-02-20T06,2024-02-20T09,2024-02-20T12,2024-02-20T15,2024-02-20T18,2024-02-20T21,2024-02-21T00,2024-02-21T03,2024-02-21T06,2024-02-21T09,2024-02-21T12,2024-02-21T15,2024-02-21T18,2024-02-21T21,2024-02-22T00,2024-02-22T03,2024-02-22T06,2024-02-22T09,2024-02-22T12,2024-02-22T15,2024-02-22T18,2024-02-22T21
1000.0,298.658447265625,298.827392578125,298.286865234375,297.8388671875,297.201904296875,297.438720703125,297.646728515625,298.14404296875,297.73828125,298.498291015625,298.586669921875,298.662353515625,298.8154296875,298.26220703125,297.5830078125,297.9931640625,298.385009765625,298.364501953125,298.37646484375,298.219970703125,297.383056640625,297.7451171875,297.77783203125,297.764892578125,297.8427734375,298.06787109375,297.737548828125,298.281982421875,298.32788085937494,298.43359375,298.39990234375,298.037109375,298.22265625,297.596923828125,297.465087890625,297.1591796875,296.995849609375,296.93896484375,297.2958984375,297.398193359375,297.085205078125,297.0009765625,296.908203125,296.802978515625,296.7059326171875,296.581787109375,296.73876953125,297.30078125,296.79443359375,296.622802734375,296.465087890625,296.2911376953125,296.2723388671875,296.57080078125,296.627685546875,296.826904296875,296.5458984375,296.310791015625,296.056640625,295.90185546875,295.6951904296875,295.8089599609375,295.8212890625,295.771484375,295.94677734375
975.0,298.7708402426742,299.4515275871973,298.8657626830593,298.2121257749154,297.57717825917877,297.59635947770215,298.16712368530267,298.3281967382877,297.734562616294,298.48263013870707,298.5352555331175,298.6264892776327,298.7745289385441,298.2738499524714,297.55406243172746,298.02424819860914,298.3486075221012,298.35647673995703,298.43123430958667,298.22245412335093,297.6814453957675,297.69300330949324,297.7751382708626,297.87424123323353,297.8471907968546,298.0372815906826,297.8501417535504,298.2713908218915,298.49049935656274,298.348361609043,298.76321693787656,298.026953242247,298.28860473595097,297.97629515230057,298.0766276799614,297.9841643701562,297.504633907071,297.630541392763,297.9042426263086,298.0112148065354,297.74956331283147,297.6580836552583,297.61062243506564,297.52430695171034,297.50020747202706,297.33642937540407,297.5380780829579,298.1046617685725,297.6093928697757,297.370365377407,297.22453893401746,297.04748153226285,297.0249804874567,297.2019149326821,297.5397994743639,297.536110778494,297.4647959916761,297.4256958154554,297.2100300635961,297.0537523152417,297.1281410152846,297.2295801517063,297.3403639843319,297.21101371582785,297.10158240502136
950.0,300.4038308866066,300.38648874307813,300.0237901984223,299.0184413635771,298.4000700743281,298.6857199527353,298.9790499232764,298.7288275666493,299.03132409876986,299.0516391811893,299.2585061789949,299.39228842907283,299.10738178538827,298.60247766379774,299.1232374594716,298.9072039000865,298.67803986060113,298.9726085556802,298.87103314358393,298.959973565395,298.4966905882732,298.2323467719155,298.37257038958984,298.28239124324085,298.83362366254363,298.9483295547401,299.0236440066357,299.2079662178544,298.990941678839,299.26494754659126,299.46710739115343,298.8157860291999,299.3764327549895,298.89977155285993,298.9656716982686,299.144048031706,298.5546628966403,297.9670119759276,298.407254676647,298.6822515240296,298.46919090353504,298.5018932313319,298.6039641332431,298.6465762573421,298.7479039245307,298.57547346887475,298.71371512728854,299.0565940793402,298.62873862399834,298.2006354237488,298.3572102053216,298.2401507365034,298.3142264638614,298.42187162619257,298.385205379875,298.4577946377876,298.25241410942715,298.43574534101555,298.4176599627643,298.3708361752369,298.3677393638926,298.48442721534946,298.58241032628615,298.6755624115256,298.81851122318307
925.0,302.2831037326067,301.15548071263,301.071851376413,300.2517846018673,299.6613864521564,299.92001329490495,299.9831721667347,299.99440595816674,300.3711124308575,300.1823847347978,300.1661581471736,300.49318629775337,300.21608610909414,299.45618252866274,300.15966751212386,299.9037867072807,299.9494707924382,300.16216391021993,300.1234697397313,299.96295134215677,299.78520779771947,299.26021527812435,299.4788997513365,299.61170813004526,299.9172672569993,299.9691923373968,300.06205834656896,300.2535320805345,299.94622547491326,300.4397633784983,300.20285519918525,299.9544635886303,300.2145882702365,299.9554621478686,299.7472625466597,299.62543831957356,299.901789588804,299.4963745380087,299.9387362806252,299.91077662194965,299.35557768539275,299.73702731446605,299.89829463146947,299.871583171842,299.97792973073285,299.9112759015689,299.8685874941267,300.1391970477364,299.90902914328257,299.76323949447436,299.79893798724754,299.63142967500386,299.69658566531047,299.5720154003184,299.774722925716,299.83763215773604,299.5907383860387,299.1300281174163,299.05363833567793,299.0255538570976,299.0757314588277,299.60746425328205,299.86609109603074,300.0658029437132,300.3768541464783
900.0,302.9866013811575,301.8823213937947,302.3082831205218,301.56605802079054,301.08700832930305,301.28552209326506,301.1393414888772,301.2248860766429,301.52504693900886,301.4425215719879,301.4656689310303,301.6621698811624,301.31948832664256,300.76470651480946,301.16047603409,301.07568625151055,301.18915863116445,301.20903516773336,301.2223700593558,301.14688954073887,300.7898666876818,300.4129672980557,300.71111534659167,300.7390431384799,301.05681612185634,301.068893004835,301.1670176790367,301.36200901879664,301.2125575919354,301.8035700527044,301.37584711387626,301.4825262468548,301.5668128259768,301.002721750181,300.9629686770428,300.9400729197291,300.9944188931332,300.6831875547035,301.208531964276,301.3255267681319,300.811504436352,301.10134962784014,301.1551923977867,301.23847256999386,301.2968441710576,301.18286858794625,301.22815689911624,301.50592520762575,301.3647766378126,301.1031108399411,301.08575032065943,300.9290024436654,300.96057846062007,300.77640599519515,301.1745657308985,301.1426123113507,300.9584398459259,300.83150677378535,300.23043024386743,299.8730299882172,299.9090090354245,300.50643734027597,300.8668568166709,301.26715516706827,301.3061534350203
875.0,303.3033250989137,302.85236207249864,303.4610860676595,302.8417094025832,302.4939758203476,302.4424879157568,302.4916931053658,302.31211952679314,302.78768514801277,302.66441853899266,302.80670777286156,302.956098786674,302.57108085973465,301.98087221942643,302.38643458120254,302.32505491169024,302.5408982949746,302.42194348092016,302.47393865550697,302.45719874563986,302.1330532182167,301.5783534776262,301.9950757793135,301.9189852799183,302.25961708221064,302.3199822117308,302.41509533597457,302.6722812239301,302.3897318361762,303.1281901328059,302.7744961281176,302.7752570331114,302.92135079195015,302.3658901463657,302.2974086969102,302.2315904149333,302.1151719508589,302.0168883891401,302.48890312038793,302.5974588995249,302.3557447464465,302.62117377183637,302.50259941027895,302.6333482517397,302.6541463215743,302.47863090296954,302.57526583720124,302.84018759259544,303.05336780840065,302.7264322959996,302.43754203329615,301.96184959457764,301.7665506461302,301.8332566505998,302.4982876153133,302.5091939202265,302.6431131991621,302.70702921865393,302.51173027020644,302.1014756609677,301.6780320318338,301.3777281942211,301.5070820431929,301.6559657870093,301.37113368427356
850.0,304.1623995938867,304.1260838940658,304.1314545257296,304.2178961210777,303.57444329889995,303.63940236759345,303.7925932421899,303.67699678923907,303.93018371052534,303.9173964922784,304.0746792767139,304.2797862573922,303.87647739388876,303.3926090554306,303.41051116097606,303.61331644237004,303.9664994103461,303.6539797963948,303.72251928619755,303.7437460684873,303.31767595650444,302.7685928049878,303.2624351736785,303.129448103912,303.5156220949647,303.62584791625204,303.69924654898847,303.99603788449616,303.7675302944262,304.3305515138318,304.04194399800207,304.1759540452284,304.1127851870892,303.96445345542656,303.6391466232285,303.5301995237661,303.41191775498334,303.4157539204574,303.75973009129575,303.97148642546244,303.81919065614323,304.39410398851834,304.0969290364632,304.07212183306456,303.99591001231363,304.02928465193776,303.94706283861103,303.9888770422779,304.34269937116636,304.60662755577965,304.2588152194674,303.6860757141943,303.27522239192524,303.12075279550425,303.68287890963256,303.80371812206465,303.9996183056052,304.03030762939756,304.07519076544366,303.55794778736157,303.7098599401333,303.8702116569479,303.53224547868547,303.551554178238,304.02071721571247
825.0,305.68836526911593,305.5779690699127,305.43997382090845,305.46293003990183,305.0329523201076,304.67803369837,305.22537186357886,304.98549227185197,305.1866816068487,305.26174070490504,305.49723540086904,305.6935239700133,305.2498756928411,305.026503943986,304.529978982616,304.96047257249984,305.45777133900435,305.0680314862097,305.0174762174155,305.0146389319221,304.7240751038788,303.99102370636547,304.6737777701297,304.4077177713488,304.9050165378534,304.96975823411503,305.06622594089555,305.4149541215564,305.19312998297033,305.4597058518408,305.4272060361876,305.5659750903263,305.441005561088,305.4277219062773,305.0387558586171,305.0784778555268,304.80055284468193,305.04842842279965,305.28895285213855,305.6585737714336,305.5713917262685,306.3230144470122,305.8279081283892,305.62710569595987,305.5659750903263,305.58158016054085,305.3276431088687,305.463574877514,305.4509360603153,305.9517169499256,305.91367153080773,305.97828425954697,305.5355387550319,304.76379710078845,304.8063563831916,304.84517560744405,305.25980619206854,305.2353023628061,305.49014218713535,304.97078997429446,305.2412348688381,305.3739424494225,305.0213452430885,305.0121885489958,305.8748523065551
800.0,307.25509050211133,306.9719789944466,306.724906957197,306.8421328158393,306.50984109222924,306.03547318922136,306.42358055473767,306.53482151937624,306.37921427527374,306.7120264244494,306.96547367487716,307.0729415541653,306.60898216246846,306.43333853409194,305.89417764817193,306.42175906525836,306.95675654665405,306.51088194336035,306.35358331616993,306.35033065638515,306.14164000459556,305.3457792084629,306.05824180771464,305.743124127768,306.3314652296335,306.3851991692777,306.4341191724403,306.8572251572406,306.620821844085,306.79347302545955,306.87583037120936,307.129928153594,306.99305622985173,306.8447349436673,306.50372609183387,306.48681226095334,306.2757796941187,306.89430547878675,306.97939505875587,307.48954221939596,307.4503801955875,308.1757233275869,307.5695576501009,307.19459103011485,307.16922028379395,306.90601505401185,306.7364864260307,306.8529316463247,307.01309261412587,307.0970112365723,307.2289391174418,307.27265486494883,306.9598791000472,306.6584225911967,306.7891795145438,306.72763919141613,306.87752175429745,306.95818771695934,307.26042486415827,306.5983134383746,306.77044419418337,307.0344300623138,306.72022312710686,306.85058973127974,307.6879544662659
775.0,308.57274327740464,308.23663585237546,308.11729145809744,308.2376861880786,307.7555821003024,307.630066983768,308.039960491948,308.21759851775454,307.833700818229,308.52600333861136,308.4094160755545,308.49409939162626,308.10166771451213,307.76779225285236,307.2069129873348,307.89540804079303,308.50709729595354,308.1569416308938,307.87282582317397,307.67496883508045,307.6643341860855,306.77614405705333,307.34463825641893,307.17303966090606,307.7743568509973,307.87663329009814,307.90486106212205,308.2623690771042,308.05085772486893,308.38236993119665,308.39379233196905,308.6650415273248,308.55856374541105,308.1744034619597,308.05006997309147,307.9787784372357,307.75742018778294,308.5605331248547,308.48123277926186,309.1705155844975,309.38137047691805,310.19892552990905,309.5613717580568,308.8350646192828,308.82232929888136,308.70127810908565,308.0248619162145,308.454186634904,308.53808219919836,308.53348698049695,308.71992156781783,308.7124379259323,308.9645184947041,308.6162009171251,308.75747106920767,308.39142907663694,308.6534878345892,308.6865077632591,308.9171220960966,308.35545507880175,308.32788376659227,309.07532891139346,308.5000075299568,308.53992028667915,309.6034508321669
750.0,310.11348682936824,309.38590945926387,309.4931244123448,309.51711193584003,309.25775512103235,309.29605564197215,309.4955099119188,309.8326605183935,309.48543780260604,310.0802223630849,310.0071995705661,310.31029054423243,309.8225884090806,309.2482131227359,308.4024209959588,309.4284508683354,310.1403899634541,309.95286319137807,309.38856001434624,309.03895179898467,309.0889147622867,308.39924032986,308.75017382276286,308.6356698432055,309.2997664190876,309.41705348148145,309.4957749674272,309.77620369513943,309.58297822963635,309.84385911361636,309.9012436311492,310.2725863981861,310.2574119703396,309.86254552694703,309.73816822970787,309.5771470084551,309.31619986059815,310.2436290839114,310.04072909235776,310.8513351004168,311.3298265566577,312.1314869413136,311.2332138239061,310.4184331915923,310.51597361862275,310.40332502762294,309.89547867384516,309.80204660719255,309.99076612905554,310.15205240581645,310.4185657193465,310.4608420729099,310.71814470752867,310.5570572223991,310.8036913728115,310.6296824316555,311.1369986744167,310.9166050193195,310.69197047609066,310.147148878914,310.26880935719373,311.1360709801379,310.6939583924023,310.67858517292467,311.43823425952564
700.0,312.8528696975578,312.3803290379469,312.4475065859522,312.2540839074903,312.75527977872514,312.266654354099,312.36911025226397,312.82340348937845,312.3542419820816,313.2026795451186,313.0223679776355,312.97019386590506,312.52914690586204,311.8934607725241,311.66759823184617,312.8284046348033,313.3497402538305,313.1127940935622,312.3992522909062,312.09891323322444,311.6567849444409,311.7636337406144,311.8875810474974,312.0067975411407,312.5342832173797,312.4828525191583,312.85651918205707,312.91464060186036,312.67222021484326,312.9660037170356,312.90213773829805,313.5970942032263,313.49822020651436,313.41712055097463,312.9802637398012,312.90598997193626,313.00486396864824,314.1399212309714,314.4995982032896,314.3664596021121,314.649902898223,315.61850311755114,314.7977746034902,314.11829465616074,313.68988572577285,313.7277998147375,313.1254997062634,312.99344243382643,313.4669968391314,313.38920875285964,313.76091550741637,313.91480210380263,314.23440232967505,314.35929579920605,314.5755615473117,314.5146016395643,314.74695215268537,314.7870964821776,314.5719120628124,314.2850220313411,314.0624710599311,314.45364173181713,314.56454551076746,314.73444928912306,314.80372191156323
650.0,314.7586382286977,316.0202174772471,315.5259677825868,315.32882013901826,316.4828517584783,315.43415883092496,314.7597426972893,315.16646325607957,315.6979887657003,315.75072714094085,315.53618411705736,315.3641631339438,314.57391585678266,314.6158856632568,314.6236169433968,315.10157572633364,315.40640905756567,315.44975944977875,314.89421174829465,314.731578748208,314.0778714006614,315.02702409641284,315.0696841957565,315.3942599030599,315.2031868367444,315.7155222045892,316.36570905850067,316.0249804980477,315.89320358923385,315.96927386346806,315.8793287025542,316.3507297032297,316.38745328389433,316.89744165598256,316.096839985777,316.013038431403,316.19610410043083,317.6432340723388,317.97347018117335,318.4287873579861,318.1726887033507,318.9801933022527,318.5127269709341,317.9037506013401,317.57710401542766,317.61244701035304,317.3236284736967,316.8188863274178,317.24210488579246,316.69035379509126,317.082992379341,317.1107421527004,317.5960180400556,317.8118035911042,318.3143368002003,318.1465956328785,318.20043847671013,317.8677173135448,317.4408402029612,317.7677629060213,317.644752716652,317.51677241862126,317.865508376362,318.6019128096914,319.02174893300486
600.0,317.5432791460812,318.0849815734765,317.77450910009594,317.06951905703727,318.8207646098004,318.46961148476663,317.50146847632675,318.27849717335437,318.2840060115991,318.60563741373176,318.18371690509304,317.90502619081644,317.69215903095073,317.3274456886994,317.39256298179686,317.28888382098654,318.3892389472991,318.1255209728669,317.9225414713893,317.68707394949433,316.75961159270764,317.5466692003857,317.66023601958415,318.0542592063426,318.4234219948687,318.8922382547187,319.15242492258363,319.1611825628702,318.66227957106827,318.54694709858626,318.3974315785348,319.30271733007993,319.5034367953548,319.61728611907847,318.8060743744811,318.72619621993306,319.12572824493617,320.30970471075807,321.12416525739707,320.7940587195034,321.5172703044482,322.2667548102522,321.45469555207893,321.4520117590878,321.1690834769308,320.6389637350758,320.7491404999697,320.45914960467826,320.557319927244,319.59355573894743,320.0336977894725,320.19062905331504,320.79589499891836,320.98813932843177,321.83918421110627,321.677167865807,322.1079872669949,321.4312476764733,321.09407852544524,321.26004993409964,321.5172703044482,321.414862414002,322.1392040170481,322.65957735277794,322.4955834758012
550.0,322.7861395790114,322.3237680718207,322.40399162803243,321.7604654839814,322.2590389569714,322.71706622826605,321.00152747296175,321.9120793167495,322.46799670356586,321.7461295055247,321.19455635460423,321.0572785002928,321.7037008016078,320.90899524837823,321.4287106693952,321.13243378129243,321.3180774619121,321.60552107035977,322.31985825951455,321.7269424636511,321.33733690771726,322.1828700209294,322.39957498820496,322.4110872133291,323.09711446522863,323.4687638461259,322.87063496718747,322.70490236775737,322.69056638930084,322.7017165947671,322.61555591616434,323.4535590204901,323.29644248892055,323.4188775372541,322.6898423499848,322.942170051607,323.1352713371813,323.412578395205,323.8131169448102,324.38365992580964,325.1664912342568,325.49245373431506,324.8418320049674,324.66227025460205,324.3564360475284,323.90311503178765,323.55796548985575,323.3070858668656,323.839327168049,323.3513246690723,323.77626334362634,323.7168921197153,323.93504516562274,324.2520295781627,324.85240297898093,324.9854090013281,325.5192431890068,324.924951718443,324.8182283232663,324.6960828906589,324.7598707543975,324.1558047530679,324.4385421059616,324.15833889067375,323.9456161396362
500.0,326.8019063664846,326.2037087480885,326.7069685355054,326.45771952784025,325.8694918697506,326.6694695803223,325.2501638877194,325.85074239215913,325.6596762871787,325.3879576674795,324.48649468930915,324.2409658160868,325.2608778749146,324.5664775798286,324.90471220336457,324.49616703886034,324.92078318415724,325.3187631668441,326.2406868844495,326.26457014757204,326.35132368277726,326.5206642026119,325.65625376349146,326.07692656627916,326.3897154702267,327.4248056775808,326.87110086712,326.6163460604797,326.73159582551637,327.23612045864405,327.37302140613747,327.4117108043424,326.6019119388416,326.8873206532905,326.71455760976863,326.6923856084897,327.01871580180887,326.89371928453204,327.4838814125319,328.02880670570767,328.846045840094,328.61539750464266,329.1753521409673,328.2485922485862,327.95217193618686,327.6657215840941,327.2924432941073,327.06380383125503,327.5314991333993,327.2974282742607,327.1597832998785,327.10427889399233,326.94222983766576,327.5612602089414,327.6511386570786,328.01176848996,328.23705983181367,327.9829002466841,327.78067373837547,327.40605619998945,327.10331165903733,326.43108336523017,326.5635201513925,326.33034212452014,326.0340706174984
450.0,331.67303329643704,331.17893002269244,331.52627450283865,331.34838505605285,330.12830881585666,329.1252270301448,328.65059958376384,328.02246581304416,328.39204647403903,328.5141154392471,327.7702001751454,327.75425146612326,328.640631640625,328.6562736437043,328.83784356180286,328.08396035456235,328.8886033953254,329.47456509891896,329.6449402501077,329.98661067031344,330.7320594641288,331.3302894054317,330.7648770000014,331.02281669784077,330.97773092425894,332.12649803276946,331.69910330156944,331.2036198510824,331.19978602679834,330.81594353946656,331.22616273787344,330.88157861121164,330.78557965113583,330.9780376302015,330.5425151915192,330.5046370075915,330.58346043487415,330.4893017104547,330.72561863933134,331.2322968567282,332.8270144059742,331.9345001126179,333.06762521804905,332.3697158453575,331.745722604865,331.80200314535665,330.9688364519196,330.9400060933026,331.25391962569074,331.0718896486783,330.554170017343,330.54772919254555,330.01528767595926,330.68850722026053,330.62701267874235,330.7641102351445,330.8995209088616,330.76687058862905,330.38042110078413,329.9712753731769,329.50370216347875,329.10467773198167,329.21401840056626,329.0370490716087,329.1933157494318
400.0,336.6865703973518,336.547159707328,335.64289343978555,335.51862918991804,332.93247365917244,332.77775792752493,331.97830740488513,330.94674363440737,331.4371790226049,331.4892994298961,331.4987758675854,331.90309065887413,331.6185398008097,332.1836170046981,332.6347390541133,332.5221320121147,332.6235973010143,333.2253312691027,333.74134114395116,333.58305687928276,334.277295153351,334.40818101449094,334.0341194531476,334.54013743553713,334.8510756127742,335.29341510592093,335.6380560950236,335.18992764830955,335.30015566829394,335.8355942229241,335.4673216151483,334.1574320942095,334.10572801577064,334.37416099968993,334.11357878841716,334.12230186913536,333.8500624499935,334.6264166339138,334.4628985208141,334.8948496178328,337.2810086979303,337.303173253028,337.9996319476426,337.0800209881096,336.5578653063913,336.77229449059143,335.31161462432834,335.9166395728696,335.3422643579428,335.3671647883566,334.35576322944786,334.03241448737083,333.71707511940787,334.65932643844144,333.9339229759889,333.696179376051,333.5568876371281,333.3298496362536,332.3216002815134,332.058401146025,331.50456482115305,331.63893991458013,331.94967983998276,332.3344271752058,332.77355498863346
350.0,341.3999969173069,341.46728458526786,340.4266222041652,339.61799620728334,335.78115740202657,335.8542119959225,335.98876673568026,335.3505945925003,334.7607204540244,335.2468105218375,335.63502761807126,336.2660116999968,335.5641768137292,335.85975236405267,337.0953574379162,336.766457294155,336.38120604554484,336.5134746110927,338.0702562671975,338.6354767973021,338.62297492572225,337.70877299190465,338.7180674151545,339.1703797739208,339.1541499966471,338.44794872360035,339.09143467710584,339.00563105766145,338.5550899690036,338.9298165777826,338.4297417145775,337.2613625201829,337.3690186696874,337.2877050140065,337.5989748413386,337.68580826898557,337.33394340230535,338.9120420882049,339.319001693727,339.8574884028908,342.4488771678665,341.6009330938074,340.2717596466514,339.9698404777996,339.6206119201179,339.1238118469973,338.67370327778445,338.9003846593509,338.21002183646067,338.81979186941186,338.1468945936384,337.8656127811678,337.63075472247203,337.9676255817219,337.6175319851502,336.9567246576758,336.5531840153867,336.41871166028517,335.28647873380345,334.94886641264793,334.3594041974529,334.5618027016012,335.5892423453816,335.8134521872617,336.1578818387189
300.0,345.36209298829385,345.04576130615436,344.27009544503045,342.0983687846324,341.39002860233614,339.07885083160414,339.9717985418115,341.7072642737694,340.85394142760356,340.69245019734626,340.09637687590856,340.0557188812456,339.6523244206988,340.4653121255209,341.56495053067187,342.3261095159871,341.39319256486436,341.30858347168265,341.93231456079747,342.70389094654513,342.28601113374395,342.03444382743345,342.25949411446163,341.8372019729649,341.5341072769122,341.33357231858776,340.9739567681227,340.8886158740843,340.9409826824563,341.17182280567516,340.8028445089535,339.99310686087796,339.8751362580469,340.55228880970986,340.8353450764184,341.2555924802268,341.20163292881347,344.3545108262204,344.6724137278465,345.0512498125808,343.9360283538904,342.58172325056466,341.45315718801464,341.0400986514467,340.7831719800378,340.5352206309022,340.3267650044804,340.5201756662281,340.2356988449152,340.4845541833443,339.69102377189205,338.9192106270435,338.3756763024149,339.15762704148585,339.514293864969,339.22490967320437,338.51575159583285,338.73890781005497,337.60397077533963,337.4685015226086,337.6247194819861,338.6162450723186,339.0615674172504,339.42710194523397,339.1689699547665
250.0,348.65397230425145,346.9364489671656,346.05067066355923,344.5111419427108,345.1242370291362,343.97858658582345,344.694601107039,345.50739028075105,343.89165265478493,344.00139710606993,344.7078883484548,344.27881928819266,344.48640409222486,344.8695346693662,344.08678917291695,345.2211477284735,345.43755290266046,345.7280129069917,344.5814101357961,344.03243846016284,343.91527945607396,343.0175970539294,343.25649530573554,343.7704122454828,343.2319388510368,342.77865345317696,343.3333164216352,343.7200975889949,344.1095770186901,343.5850484253887,343.4505661236176,344.5405507347182,343.6352497095094,346.6436081431265,346.20694313427384,346.397068593783,345.50151759213884,346.8473156122064,346.5579213081253,346.5002374477803,345.94709366904056,344.955017434107,343.71338594486673,342.6188210901379,342.1900694725036,341.8621285636322,341.66250249976554,342.0247725613736,342.0984872744165,341.7157194888496,341.46135724618085,341.72791835554204,342.23870621795965,342.1664880201613,342.52696679837004,345.5404269885036,344.2146505284537,344.00495699839485,341.63794604506705,340.31384749604894,340.513949723857,341.29669522030633,341.2987132484395,342.380126908593,341.9648666026349
225.0,349.6735658660271,348.07126182512036,346.9639498579851,346.11931106751393,347.8848599097884,347.45398803855767,347.4233066151115,346.8891974790022,345.7334682160708,346.4174793562985,347.41059473822264,347.2054054166069,347.232348052733,346.9621973014288,345.88259909530456,346.97955929504684,346.8141646909703,347.37851126953154,345.95552881546877,345.19368079671904,345.18559566913876,344.5619893115527,345.2801168860773,345.63782536293627,345.575013735957,344.91829574316665,345.35846784785616,345.7514377626283,346.53258727091884,345.9006854789657,346.1591758873153,347.71885775277207,347.14130858148644,348.85986554063044,347.7554511336685,346.8408970203095,345.6051810761469,347.14021031271113,347.9681647647662,347.7120110984919,346.94338652772416,346.3518169039879,344.65190714660326,343.87449642563297,343.394646440508,343.47654925024074,343.69505800168474,343.6700782289019,342.8433856175675,342.9085106192009,343.07177878798933,343.7299221934455,344.1553961904826,343.55471327265354,344.43423962230634,346.755956445879,347.89911403644646,345.8901234047864,343.76179535535005,342.6151092842493,342.4385216856327,341.65017501175106,342.41277078796514,344.19005007545655,344.5520114228921
200.0,350.70801609492213,349.49496919791267,348.15601134872895,347.31156211823696,350.9496877881546,349.72656318153713,349.4274219596542,349.5411043241506,349.9368658889878,350.3790525860947,351.1198971616981,350.49870424141403,349.8851964809746,349.6606593107927,348.3024160604891,348.27638801912786,348.6913383164075,349.3896486740022,348.34891369426697,348.07604218543827,347.3865770118162,347.6687528808341,347.65882017424235,348.1046561139169,348.092838368118,348.03904224920456,348.1344784008619,347.93741930220045,348.0185243224491,347.1353351195319,349.0618451893019,350.35486124960204,350.2282736166872,349.2434856339353,347.96799077139434,347.04149400105007,347.0756905456424,348.8397005688829,350.13506084460744,348.8999251548363,348.11785138836734,347.92178314364816,345.9120171755598,345.52200739702175,345.4569977115423,344.80881006312416,345.69538266974683,345.9432894926641,345.85445097823185,345.6136251359262,346.21659601054046,346.33564348662685,346.53722184595165,345.7618423853855,345.87644310231605,347.1686616460288,348.42958370546773,347.59192544955556,345.69581767879447,344.8623161760059,344.5064546077213,343.68624504806075,345.37596519280174,346.0435349110171,347.88052978561353
175.0,351.69799994906106,350.5578406287026,349.68218360817644,350.2111882078405,354.9929177771074,355.1071044367787,355.264927071496,355.351646667473,355.71798298041574,356.1740266229549,355.7342272127834,353.92795393733735,353.05003728634273,354.41058589838843,352.8538009336622,350.972708782706,351.1215180025546,353.29357523682864,352.4337356295813,353.12121564609794,351.24637513943793,352.07997792624616,351.52792509580416,351.8926796674188,352.6300473032773,353.8071892423024,352.3539957810509,352.38497782547364,350.87416378727744,351.6969956688531,351.3706548152015,351.9548446123059,352.5539228634965,353.31002032523793,354.4406138766133,354.25818637679566,354.2139478336248,353.7503218755137,351.7366647370766,352.04897077481854,350.6334127143691,350.29597456441707,350.2806592912423,351.8814568360922,352.45173735231316,354.23855269872547,354.1745047284481,353.7093723500246,353.8373176485482,352.8357741039251,352.1668230572494,352.13039279269753,350.5697664561748,350.10566346496495,349.85198228437594,349.33615886244434,349.7172580944472,351.76039085699495,353.3288505791415,353.2329167122539,352.40554046273644,351.9487185030359,351.89682232327783,352.29670159517366,351.406783795691
150.0,353.0952642475471,353.54308601633375,353.8959017724197,356.5779259713382,359.3764971761715,361.1570268734646,361.723914448834,361.4853105605434,362.0100869372425,362.6285312137874,362.9031854366407,361.9400590311673,360.9797662764455,360.69637496377464,359.40737872186304,356.83510601455646,359.20432665550254,360.9243001867331,360.60100162597644,359.91452349388516,359.5630720881612,361.25940562562107,360.698185351755,361.21065633768995,361.86103166020496,362.63430346531857,361.49441497545826,360.86125145750884,359.42582368925554,358.7873601949005,359.19459254042056,360.0680391471058,361.7376104274668,363.99390483845883,364.43537713056133,365.88796422836623,364.65571971400806,361.5799230106397,361.021720050074,360.9452639547937,356.9583698222528,356.8688999235206,360.97087176158624,362.53538806408096,365.2848688933928,364.60125064955986,363.5075664094555,364.32696375180404,364.93690707609414,364.40069114636054,363.71615458978425,362.68457452865334,360.99692560599715,360.95827775824563,360.23438494122985,359.0817712604939,359.94564117713924,359.9407347633379,365.72403228488247,367.3538799797068,366.6108862576243,365.0656282852379,365.5162049922556,364.7930730629417,363.7395059709785
125.0,363.29204165619063,362.90040351535356,364.2663966637886,370.51834442295984,367.90078976580065,369.32692862631586,369.2013855085459,369.18540930377463,371.13044313344335,371.4814221095427,370.6013764629821,370.57152473088354,370.06907585487664,369.0147845424372,369.0161942075642,366.9936840769024,370.0269793845193,369.57881643614365,369.7005451659232,369.29854184032934,370.10130466934623,371.723746308902,371.80686127040224,371.328321420567,371.50696192478244,372.432144495896,372.68226331419197,372.4741856852681,370.7392748809816,371.04976053529936,372.8813025020081,373.7216011200894,374.2664228713807,374.9498340529884,376.14213434539835,376.1526100921255,374.3426000692172,376.13917681268094,376.88632697041777,372.94998912632747,372.6827608430603,376.77595848313126,376.3802019088842,378.06472409500776,377.35231803657456,375.94616325226997,376.2865006386859,376.9568102267615,377.9700554075657,378.4889503767193,377.99374330979566,378.55705655069227,377.8723462659281,375.5598320860281,375.88272832156036,375.16877439553696,375.5677649074281,376.39833407208494,379.1596192911997,380.3356946144044,377.8570057924888,380.20755329032227,380.73288849427104,378.63837488016804,378.2148396107737
100.0,384.83446293074036,386.0443307031065,387.93708381109735,387.5073197353382,385.87664376046706,386.27562202191535,386.6988164932807,386.12366677768944,386.7976846203884,385.568520476373,384.9946964657044,386.95644514988294,386.33807745381887,385.08175108894727,384.5114328312955,386.17386680408737,387.36738421574285,385.3836877500699,384.52519070238014,385.4951942641052,387.39015688030014,384.4220803195204,387.38891955570585,385.89093191352055,387.14652177565745,386.56933931251837,386.1067861350098,386.93396708641967,386.37354742552264,387.67974975558894,390.0214454705507,388.8951560285199,391.76627936930214,392.4610665891201,394.50598116210233,392.40008416268574,392.9451845667008,394.55618118850026,391.3180143448471,392.73725511463704,396.94896073314175,394.96004982810695,395.62817564892816,396.73726038707616,392.49102752036794,391.9307551600182,395.0838412077573,395.13663372378164,395.8723115754307,394.63433885870785,395.23838894160923,395.82084476432874,393.79787797284104,393.02142732979814,394.94664547833503,393.8732369326565,393.47929634991385,395.6414032380435,395.89629210447276,393.74791362731804,393.8160254002241,396.3068776490199,395.1412589609554,395.119694160883,396.37640350717686
70.0,417.4388155846609,421.81852372206833,422.22761877317134,422.43006226947523,422.2079811668591,425.35577202455073,425.1973663497117,426.16877545000716,426.2841545422445,427.6713132977756,427.4471118556076,424.6325078930572,423.7328315108367,425.37593156059916,425.06133841229837,429.3025720666555,428.1037647045595,427.9332894045783,430.45179610384287,428.6516278241895,427.97670743448157,430.9880789074579,425.547646443703,428.8845063482166,428.9209109472941,431.4254886467325,431.6999258259794,429.51914028643654,433.19274273241723,432.21572288746125,429.69565039898856,430.26925117871906,430.62328264268746,429.9563869226687,433.04689599184786,432.65427434803297,430.7446639268877,431.10809012610144,433.1737575382745,432.8258913693117,434.3126082219614,437.44594815009077,437.85807691778405,431.80545349445214,432.7164492278196,433.2887451832105,437.0771721710843,435.8145262781688,434.943653893247,434.0151408931192,433.5609641610793,432.2209095642113,431.28991739783817,435.44506526638384,434.2357214477449,433.0449061347297,432.72832312931075,432.5716789673304,436.22861228237156,432.2352952525564,432.8287293622505,433.85432129325164,433.8438174573171,431.9285962915109,432.53540485068663
50.0,483.74592980748685,485.3781068211818,485.96232772062484,483.87424436820146,482.8897811572087,485.42382314801915,488.06003556290835,482.9135191713795,488.9549335585575,484.7468767529797,483.9935808600169,482.60988088119075,484.1329923138918,485.40141388804534,491.0867939749359,488.74491857085525,484.02155652270847,486.105833173918,487.0142700974681,484.097151862844,486.5919776487005,488.17380565200585,486.45734252748014,485.2581957329569,488.8188260340377,488.572575560256,486.07448175732026,484.65781430949426,486.4623343337883,485.6567860798293,490.3175171193314,490.33170246819316,491.8644024784791,492.7053243239034,485.2442258577488,485.60891501645585,491.54894904961833,485.5513476386707,489.8554697814761,491.2172632721866,491.86289416290407,491.42752964581837,488.3902489370402,491.4356817323793,495.74616034796543,494.1712275015751,491.22879111265405,488.63441649883754,490.7467047250142,495.7938159376852,494.8128721297009,490.4584728010575,494.44897304105695,493.66931753780466,493.2941779068986,493.1560952072204,491.87065121443334,494.12877919181716,489.62178860415406,492.39421628038957,496.16823732307944,490.0210253719868,486.74349153945246,490.6648606489243,491.59330070998277
30.0,588.4291008058453,584.3977207733543,585.832589873485,587.359587468359,586.5239068056227,586.056449233513,586.1767938978236,585.7794819725913,583.3652333667729,586.6832720637823,589.7540141111676,587.6820164222217,587.918882646866,587.6034350133089,587.5121791836038,588.1039707459124,591.7700365712373,592.4316828920773,587.0775088836425,587.0419789499455,587.3710567802893,591.0852854046251,589.980117467008,590.1430149407985,590.1775475430231,586.2762777121743,586.3734344197566,587.5856908241994,584.5659373483297,593.6831676677594,586.4010272571537,589.0675176144789,587.4329328870427,589.0035221783471,593.2463780384197,581.2925292347007,592.2280194943611,597.0370687422899,593.0907943287585,596.8992707772161,590.8204523432813,591.4051379188511,595.2527180721137,591.1750452371216,592.9204584244047,594.4378151483809,593.2878504054714,596.9615624387498,595.4269186359224,595.6491573323077,590.2779871333679,592.1998033247937,595.9151123915577,596.7551563794849,594.5746573374607,592.6017694635631,590.8440974102679,592.5038232018987,593.3096254759474,590.5998343105382,591.6611196633788,590.9770749398926,592.8917435891012,594.8570683660015,590.2435791975776
20.0,676.4788873056721,676.1573100390754,671.1980118767405,664.5480534303251,675.7184307921784,681.6614978298664,673.96123406263,674.4334748512586,678.8084561085445,679.8396776943057,677.8754994275216,675.2581814947736,678.2826502151489,681.9152788445243,680.4426583989246,682.0620229686464,679.676229469568,675.463716587542,673.0512338550782,679.6816419714435,672.6185136620396,676.3353160274772,678.4624292645105,677.9921481748362,677.0905933365904,674.3280710431849,675.6227788193803,670.3023827948583,677.2915091389654,678.9226319024164,678.1034310797746,675.0415881007596,680.0449328300803,682.2368561111215,676.5940896085204,681.3897062486232,681.1904701882097,680.9632384284404,683.0075310548804,673.3236320098076,686.793716095221,681.0698553834861,681.0054652749686,681.4288535682222,686.4136744764693,690.9512174280131,682.5462085890001,682.0933314924254,683.668089581174,679.7638093490522,681.9124326150898,686.1108076689414,681.1365784669505,680.3189174077733,677.0616644472568,681.485544859417,683.1499825051011,680.2455220159628,681.2252781744081,677.5695064335657,679.779440281192,677.573285852979,681.3664698181581,677.9627060310141,677.2631401636183
10.0,857.4229435869621,855.3562608808519,858.5787729325206,859.7288006643175,856.3295100286225,853.4118102136966,863.645288103278,865.1309562547463,862.081127530331,854.2900721557648,853.4926915349596,848.9579340804372,859.4462848255603,859.713500329986,858.4099004692088,856.0504637824087,852.2763433948695,843.2936251779824,852.0952420398055,858.0318855176515,867.1147100112075,858.4612049360009,855.6721075594543,859.2980592818109,857.165852467336,864.194450660798,858.8096430330875,871.4680248392672,859.7185056438191,857.684528113325,863.5096896012452,865.3161528665831,856.6883569033396,860.554961839665,865.6955897822969,869.0650191706903,865.1389761325937,854.8337174923545,866.6274882123757,860.8144987376417,868.8582087036631,879.0135354431644,870.2120892170402,868.6780742842261,862.1534201880843,857.1321803560927,860.6430667388466,871.267015986002,864.9550877277809,871.8599750395649,867.8854714629892,863.1179100366462,855.5792817392702,860.103801051861,865.4049403085606,856.2858841682788,865.8469436471921,861.7460558963228,866.1250798363452,868.5338302401178,856.9278725459828,860.3201102394574,859.4896262930722,858.3575153096565,866.1179131369927
